,goals_z,xg_z,crosses_z,boxtouches_z,passes_z,progpasses_z,takeons_z,progruns_z,tackles_z,interceptions_z,clearances_z,blocks_z,aerials_z,fouls_z,fouled_z,nsxg_z,results
France98,0.4453846153846154,0.39076923076923087,0.24384615384615377,0.2923076923076922,0.0915384615384615,0.16153846153846158,0.26,0.4561538461538462,0.3830769230769231,0.4861538461538461,-0.08538461538461539,-0.2830769230769231,0.1607692307692308,-0.0576923076923077,0.13153846153846152,0.4561538461538462,4
France86,0.3323076923076923,0.36230769230769244,-0.043846153846153854,0.31692307692307686,0.060000000000000005,0.019230769230769232,0.14076923076923079,0.20999999999999996,0.3438461538461538,0.2761538461538462,-0.05769230769230772,0.11230769230769229,-0.05384615384615385,0.14307692307692313,0.06076923076923076,0.19230769230769232,3
France82,0.5007692307692306,0.2576923076923076,0.08076923076923076,0.13923076923076927,0.03153846153846156,-0.19461538461538463,0.4523076923076923,0.1684615384615385,0.005384615384615372,-0.009999999999999997,-0.09692307692307695,0.03153846153846159,0.016153846153846133,-0.07923076923076922,0.0753846153846154,0.20076923076923078,1
