,goals_z,xg_z,crosses_z,boxtouches_z,passes_z,progpasses_z,takeons_z,progruns_z,tackles_z,interceptions_z,clearances_z,blocks_z,aerials_z,fouls_z,fouled_z,nsxg_z,results
Germany18,-0.06615384615384613,0.16230769230769232,0.2669230769230771,0.7415384615384613,0.5661538461538462,0.6046153846153847,-0.1938461538461539,0.5269230769230769,0.3769230769230768,0.28846153846153844,-0.49,-0.1207692307692308,-0.35076923076923083,-0.5107692307692309,-0.26,0.8615384615384615,32
Germany14,0.7553846153846154,0.6146153846153847,0.07153846153846154,0.436923076923077,0.5169230769230769,0.34461538461538466,-0.13230769230769232,-0.006153846153846125,0.6715384615384614,-0.04384615384615384,-0.24076923076923076,-0.013846153846153876,-0.11384615384615385,-0.11846153846153842,0.04307692307692306,0.3961538461538462,1
Germany10,0.8169230769230768,0.4338461538461538,-0.024615384615384612,0.4523076923076924,0.19461538461538463,-0.10461538461538462,0.0061538461538461426,0.3846153846153845,0.04769230769230773,0.05692307692307693,-0.06692307692307693,0.2761538461538462,0.2961538461538462,-0.38769230769230767,-0.25846153846153846,0.2761538461538462,3
Germany06,0.56,0.22538461538461543,0.01538461538461533,0.20692307692307688,0.06153846153846149,-0.04307692307692304,-0.20307692307692304,0.03692307692307694,0.3707692307692308,-0.07,-0.17846153846153856,-0.3492307692307693,-0.09384615384615384,-0.16538461538461538,-0.055384615384615414,-0.0007692307692307614,3
Germany02,0.5630769230769231,0.2884615384615384,0.09384615384615376,0.22384615384615386,-0.44384615384615383,-0.3692307692307693,-0.3423076923076923,-0.29846153846153844,-0.030769230769230847,-0.3161538461538462,-0.3223076923076923,-0.27461538461538465,0.026923076923076914,-0.26076923076923075,-0.017692307692307698,0.1138461538461538,2
