,goals_z,xg_z,crosses_z,boxtouches_z,passes_z,progpasses_z,takeons_z,progruns_z,tackles_z,interceptions_z,clearances_z,blocks_z,aerials_z,fouls_z,fouled_z,nsxg_z,results
Greece94,-0.39,-0.233076923,0.611538462,-0.166923077,-0.031538462,-0.073846154,0.014615385,-0.071538462,0.070769231,0.356923077,-0.239230769,0.000769231,-0.353846154,-0.232307692,0.316923077,0.033846154,24
Greece10,-0.044615385,-0.088461538,-0.243846154,-0.145384615,-0.483076923,-0.3,-0.387692308,-0.223846154,-0.335384615,-0.536923077,-0.061538462,0.146153846,-0.216923077,-0.346153846,-0.499230769,-0.237692308,25