goals_z,xg_z,crosses_z,boxtouches_z,passes_z,progpasses_z,takeons_z,progruns_z,tackles_z,interceptions_z,clearances_z,blocks_z,aerials_z,fouls_z,fouled_z,nsxg_z,results
-0.39,-0.23307692307692313,0.6115384615384616,-0.16692307692307692,-0.031538461538461564,-0.07384615384615387,0.014615384615384629,-0.07153846153846158,0.07076923076923078,0.3569230769230769,-0.23923076923076922,0.0007692307692307784,-0.35384615384615387,-0.23230769230769227,0.31692307692307686,0.033846153846153866,24
-0.044615384615384585,-0.08846153846153845,-0.24384615384615385,-0.14538461538461536,-0.4830769230769232,-0.30000000000000004,-0.3876923076923078,-0.22384615384615392,-0.3353846153846154,-0.5369230769230771,-0.06153846153846153,0.1461538461538462,-0.2169230769230769,-0.34615384615384615,-0.4992307692307692,-0.2376923076923077,25
-0.0792307692307692,0.18307692307692308,-0.057692307692307696,-0.0023076923076923396,-0.3753846153846154,-0.2823076923076923,0.19307692307692298,0.2561538461538462,-0.11000000000000001,-0.3923076923076922,-0.07923076923076922,-0.3423076923076923,0.27384615384615374,-0.10076923076923074,0.3838461538461538,-0.1630769230769231,14
