goals_z,xg_z,crosses_z,boxtouches_z,passes_z,progpasses_z,takeons_z,progruns_z,tackles_z,interceptions_z,clearances_z,blocks_z,aerials_z,fouls_z,fouled_z,nsxg_z,results
-0.19384615384615383,-0.26076923076923075,-0.4092307692307691,-0.44769230769230767,-0.18692307692307697,-0.2938461538461538,0.17615384615384613,-0.30307692307692313,-0.04384615384615382,0.1015384615384615,0.7138461538461537,-0.1138461538461538,0.4176923076923077,-0.24538461538461534,-0.20923076923076916,-0.38769230769230767,18
-0.4,-0.4669230769230769,-0.3538461538461538,-0.6346153846153846,-0.5169230769230769,-0.09076923076923074,-0.3007692307692308,-0.35923076923076924,-0.5715384615384617,-0.513846153846154,0.17769230769230765,0.04615384615384616,-0.07923076923076919,-0.19153846153846152,-0.21076923076923076,-0.6992307692307695,30
-0.26153846153846155,-0.3253846153846153,-0.25000000000000006,-0.5161538461538462,-0.20076923076923073,-0.2038461538461539,-0.34769230769230774,-0.3823076923076923,-0.2676923076923078,0.14000000000000007,-0.11692307692307691,0.014615384615384603,0.049230769230769224,0.004615384615384626,0.1353846153846154,-0.27461538461538465,14
