,goals_z,xg_z,crosses_z,boxtouches_z,passes_z,progpasses_z,takeons_z,progruns_z,tackles_z,interceptions_z,clearances_z,blocks_z,aerials_z,fouls_z,fouled_z,nsxg_z,results
Kuwait82,-0.193846154,-0.124615385,-0.123076923,-0.243076923,0.305384615,-0.085384615,0.033846154,0.422307692,0.286153846,0.233076923,-0.028461538,-0.09,-0.446923077,-0.216153846,-0.06,-0.254615385,21