,goals_z,xg_z,crosses_z,boxtouches_z,passes_z,progpasses_z,takeons_z,progruns_z,tackles_z,interceptions_z,clearances_z,blocks_z,aerials_z,fouls_z,fouled_z,nsxg_z,results
Mexico10,0.132307692,0.251538462,-0.024615385,0.199230769,0.563076923,0.2,0.234615385,0.863846154,1.109230769,-0.018461538,0.156923077,0.175384615,-0.009230769,0.607692308,0.378461538,0.319230769,14
Mexico14,0.200769231,-0.043846154,0.200769231,0.064615385,-0.004615385,0.174615385,-0.055384615,-0.09,-0.150769231,-0.193076923,-0.076923077,-0.023846154,-0.119230769,0.094615385,0.152307692,0.084615385,10
Mexico18,-0.023076923,0.194615385,0.029230769,0.341538462,0.273846154,0.556153846,0.688461538,0.982307692,0.532307692,0.364615385,0.086153846,0.961538462,0.006923077,0.352307692,0.24,0.26,12