,goals_z,xg_z,crosses_z,boxtouches_z,passes_z,progpasses_z,takeons_z,progruns_z,tackles_z,interceptions_z,clearances_z,blocks_z,aerials_z,fouls_z,fouled_z,nsxg_z,results
Mexico86,0.1315384615384616,0.16384615384615392,-0.10000000000000002,-0.02230769230769231,-0.05461538461538461,-0.18076923076923074,-0.26615384615384613,-0.05538461538461536,0.10384615384615384,0.036923076923076975,0.2353846153846155,-0.12461538461538463,0.11461538461538466,0.7676923076923077,0.44538461538461555,-0.13999999999999999,6
