,goals_z,xg_z,crosses_z,boxtouches_z,passes_z,progpasses_z,takeons_z,progruns_z,tackles_z,interceptions_z,clearances_z,blocks_z,aerials_z,fouls_z,fouled_z,nsxg_z,results
Mexico14,0.20076923076923078,-0.07384615384615378,-0.10461538461538464,-0.0776923076923076,-0.1123076923076923,-0.037692307692307706,-0.15538461538461543,-0.1423076923076923,-0.2076923076923077,-0.2815384615384615,-0.1992307692307692,0.08846153846153845,-0.09615384615384616,-0.013076923076923071,-0.07153846153846152,-0.030000000000000002,6
Mexico02,0.07692307692307684,0.2384615384615385,0.07923076923076919,0.2615384615384616,1.023076923076923,0.2553846153846154,0.17230769230769225,1.1630769230769231,1.2584615384615385,0.6038461538461538,0.07769230769230767,0.11153846153846152,0.20846153846153845,0.19076923076923075,0.336923076923077,0.2561538461538461,13
2,0.5300000000000001,0.44461538461538463,0.11384615384615383,0.2523076923076923,-0.11384615384615385,-0.10153846153846156,0.06307692307692303,0.5361538461538462,0.023846153846153843,-0.35615384615384615,-0.4453846153846153,-0.37538461538461537,-0.41615384615384615,-0.4661538461538462,0.09076923076923078,0.22307692307692312,11
Mexico98,-0.016923076923077006,-0.025384615384615426,-0.33384615384615385,-0.29846153846153844,0.44153846153846155,0.14000000000000004,-0.039230769230769215,0.3046153846153846,0.3715384615384616,-0.2876923076923077,-0.11384615384615386,0.16692307692307692,-0.16461538461538466,0.04153846153846157,-0.23230769230769235,-0.1630769230769231,15
