,goals_z,xg_z,crosses_z,boxtouches_z,passes_z,progpasses_z,takeons_z,progruns_z,tackles_z,interceptions_z,clearances_z,blocks_z,aerials_z,fouls_z,fouled_z,nsxg_z,results
Netherlands14,0.493846153846154,0.406923076923077,-0.04076923076923077,0.09692307692307692,0.10076923076923078,-0.16923076923076924,0.3061538461538463,0.09846153846153846,-0.032307692307692266,0.13,0.09692307692307695,-0.17461538461538464,0.25769230769230766,0.28923076923076924,-0.01999999999999995,0.10384615384615377,3
Netherlands10,0.3969230769230767,0.12692307692307703,-0.09230769230769229,0.16230769230769243,0.3746153846153846,0.07307692307692311,0.1546153846153846,0.1353846153846154,0.29846153846153844,0.29846153846153844,0.0630769230769231,0.3161538461538462,0.04153846153846151,0.3684615384615384,0.43923076923076915,0.12769230769230774,2
Netherlands06,0.013846153846153888,0.156923076923077,-0.1992307692307692,0.15230769230769228,0.20615384615384616,-0.11615384615384618,0.17615384615384627,0.5169230769230769,0.40230769230769237,0.3623076923076924,0.18,0.2753846153846153,-0.016923076923076888,0.5676923076923076,-0.04307692307692312,0.08000000000000006,11
