,goals_z,xg_z,crosses_z,boxtouches_z,passes_z,progpasses_z,takeons_z,progruns_z,tackles_z,interceptions_z,clearances_z,blocks_z,aerials_z,fouls_z,fouled_z,nsxg_z,results
Netherlands90,-0.018461538,0.184615385,0.168461538,0.276923077,-0.106923077,-0.225384615,0.138461538,0.063846154,-0.024615385,-0.153846154,-0.119230769,0.056923077,0.285384615,-0.036923077,-0.293076923,0.228461538,15
Netherlands94,0.256153846,0.126923077,0.093846154,0.310769231,0.493076923,0.361538462,0.312307692,0.273076923,0.276153846,0.883076923,-0.286923077,-0.134615385,-0.229230769,0.307692308,-0.050769231,0.482307692,7
Netherlands98,0.420769231,0.23,0.326923077,0.450769231,0.328461538,0.130769231,0.607692308,0.508461538,0.564615385,0.351538462,-0.436923077,-0.271538462,-0.109230769,0.1,-0.008461538,0.846923077,4