goals_z,xg_z,crosses_z,boxtouches_z,passes_z,progpasses_z,takeons_z,progruns_z,tackles_z,interceptions_z,clearances_z,blocks_z,aerials_z,fouls_z,fouled_z,nsxg_z,results
0.21999999999999995,0.028461538461538427,0.1776923076923077,0.11230769230769234,-0.39307692307692305,-0.09769230769230769,-0.08076923076923077,-0.01307692307692308,-0.4007692307692308,-0.3823076923076923,-0.13384615384615378,-0.20692307692307685,-0.21461538461538462,0.4123076923076924,0.133076923076923,-0.03538461538461539,3
-0.27461538461538465,-0.05076923076923078,0.12923076923076918,-0.050000000000000044,0.30538461538461537,0.47000000000000003,0.32076923076923075,0.37000000000000005,0.17076923076923078,-0.11846153846153848,0.062307692307692314,-0.11461538461538463,-0.026923076923076862,0.03999999999999995,-0.09769230769230769,-0.053846153846153835,14
