goals_z,xg_z,crosses_z,boxtouches_z,passes_z,progpasses_z,takeons_z,progruns_z,tackles_z,interceptions_z,clearances_z,blocks_z,aerials_z,fouls_z,fouled_z,nsxg_z,results
-0.08538461538461539,-0.21307692307692308,-0.38,-0.016923076923076937,-0.3892307692307692,-0.36769230769230765,-0.11923076923076925,-0.15923076923076923,-0.0569230769230769,-0.2784615384615385,0.06307692307692311,0.24384615384615385,0.07153846153846155,-0.07692307692307694,0.06153846153846151,-0.30153846153846153,30
0.13307692307692298,-0.21846153846153846,-0.07846153846153849,-0.18923076923076923,0.19538461538461538,0.42461538461538456,-0.1253846153846154,0.27461538461538465,-0.18307692307692308,0.30461538461538457,0.42923076923076925,-0.2269230769230769,0.1515384615384615,0.2746153846153845,0.583846153846154,-0.08461538461538462,18
