,goals_z,xg_z,crosses_z,boxtouches_z,passes_z,progpasses_z,takeons_z,progruns_z,tackles_z,interceptions_z,clearances_z,blocks_z,aerials_z,fouls_z,fouled_z,nsxg_z,results
SouthAfrica98,0.055384615384615435,0.2661538461538462,0.0769230769230769,0.21461538461538454,0.21000000000000002,0.32692307692307687,-0.11230769230769232,0.26153846153846155,0.22692307692307687,0.19846153846153847,-0.10692307692307691,0.7338461538461538,0.1423076923076923,-0.0630769230769231,-0.37384615384615383,0.0023076923076923014,24
SouthAfrica02,0.40153846153846146,0.32076923076923075,0.15846153846153843,0.1369230769230769,0.4453846153846153,0.5276923076923078,0.5753846153846155,-0.09538461538461537,0.17384615384615382,0.4946153846153847,0.08615384615384623,-0.021538461538461524,-0.025384615384615374,0.5307692307692309,0.03461538461538463,0.1223076923076923,17
SouthAfrica10,0.13307692307692298,0.14846153846153845,0.030769230769230747,-0.18923076923076923,0.08461538461538459,-0.013846153846153845,-0.3023076923076923,-0.3269230769230769,-0.12846153846153846,0.2576923076923077,-0.1746153846153846,0.03461538461538456,0.013076923076923114,-0.12846153846153846,-0.21076923076923076,-0.2207692307692308,10
