,goals_z,xg_z,crosses_z,boxtouches_z,passes_z,progpasses_z,takeons_z,progruns_z,tackles_z,interceptions_z,clearances_z,blocks_z,aerials_z,fouls_z,fouled_z,nsxg_z,results
Spain02,0.4515384615384615,0.49538461538461526,-0.012307692307692318,0.1823076923076923,0.0030769230769230626,-0.2223076923076923,0.01230769230769231,0.13076923076923078,0.14769230769230773,-0.010000000000000018,-0.19384615384615383,-0.2153846153846154,0.15153846153846154,-0.28769230769230764,0.15769230769230771,0.1323076923076923,10
Spain06,0.8815384615384615,1.0153846153846156,0.6376923076923077,0.5330769230769229,0.5007692307692307,0.26615384615384613,0.6769230769230768,0.08000000000000002,0.44769230769230767,1.2153846153846155,-0.3376923076923077,-0.44230769230769246,-0.27307692307692305,0.04153846153846153,0.09307692307692307,0.6507692307692309,23
Spain10,0.18000000000000002,0.5392307692307694,0.3830769230769231,0.8684615384615385,1.156923076923077,0.32000000000000006,0.6169230769230768,1.432307692307692,0.7538461538461537,0.91,0.02692307692307692,0.6361538461538461,0.2861538461538461,-0.13846153846153852,0.4646153846153847,0.7623076923076924,1
Spain14,0.24384615384615385,0.5361538461538463,-0.07615384615384621,0.5969230769230769,0.7707692307692308,-0.05230769230769228,-0.18230769230769234,0.4892307692307693,1.146153846153846,0.6576923076923078,-0.383076923076923,-0.3792307692307692,0.01769230769230769,-0.3915384615384616,0.3330769230769231,0.4123076923076923,9
Spain18,0.1907692307692308,0.6807692307692309,0.3192307692307694,0.7630769230769232,1.4107692307692308,0.2676923076923076,0.5169230769230769,0.9815384615384614,0.42000000000000004,0.44923076923076916,-0.39230769230769236,0.09461538461538464,-0.01692307692307693,-0.4100000000000001,0.19538461538461532,0.7261538461538463,5
