,goals_z,xg_z,crosses_z,boxtouches_z,passes_z,progpasses_z,takeons_z,progruns_z,tackles_z,interceptions_z,clearances_z,blocks_z,aerials_z,fouls_z,fouled_z,nsxg_z,results
Spain02,0.451538462,0.495384615,-0.012307692,0.182307692,0.003076923,-0.222307692,0.012307692,0.130769231,0.147692308,-0.01,-0.193846154,-0.215384615,0.151538462,-0.287692308,0.157692308,0.132307692,5
Spain06,0.881538462,1.015384615,0.637692308,0.533076923,0.500769231,0.266153846,0.676923077,0.08,0.447692308,1.215384615,-0.337692308,-0.442307692,-0.273076923,0.041538462,0.093076923,0.650769231,9
Spain10,0.18,0.539230769,0.383076923,0.868461538,1.156923077,0.32,0.616923077,1.432307692,0.753846154,0.91,0.026923077,0.636153846,0.286153846,-0.138461538,0.464615385,0.762307692,1
Spain14,0.243846154,0.536153846,-0.076153846,0.596923077,0.770769231,-0.052307692,-0.182307692,0.489230769,1.146153846,0.657692308,-0.383076923,-0.379230769,0.017692308,-0.391538462,0.333076923,0.412307692,23
Spain18,0.190769231,0.680769231,0.319230769,0.763076923,1.410769231,0.267692308,0.516923077,0.981538462,0.42,0.449230769,-0.392307692,0.094615385,-0.016923077,-0.41,0.195384615,0.726153846,10