,goals_z,xg_z,crosses_z,boxtouches_z,passes_z,progpasses_z,takeons_z,progruns_z,tackles_z,interceptions_z,clearances_z,blocks_z,aerials_z,fouls_z,fouled_z,nsxg_z,results
Switzerland06,0.11307692307692313,0.003846153846153901,-0.05000000000000003,-0.033076923076923045,0.2253846153846154,0.1484615384615384,-0.013076923076923071,-0.0723076923076923,0.5707692307692307,0.9584615384615385,0.20615384615384616,-0.008461538461538486,0.4792307692307692,-0.1515384615384615,0.1461538461538461,-0.04461538461538458,10
Switzerland10,-0.22230769230769232,0.1223076923076923,0.2515384615384615,0.12846153846153846,-0.10846153846153846,0.0715384615384616,0.09076923076923081,-0.06846153846153846,-0.4461538461538463,0.2761538461538461,0.3676923076923077,-0.1223076923076923,0.05923076923076923,0.42923076923076925,0.04230769230769226,0.2692307692307693,19
Switzerland14,0.3876923076923079,0.5507692307692307,0.022307692307692292,0.13846153846153844,0.07230769230769228,0.21307692307692308,0.009999999999999983,0.05076923076923076,0.20461538461538462,-0.1946153846153846,-0.060769230769230784,-0.21538461538461545,-0.12999999999999998,0.3230769230769231,0.38230769230769224,0.20692307692307696,11
Switzerland18,0.2415384615384616,0.33076923076923054,0.5223076923076924,0.1815384615384616,0.21923076923076923,0.11307692307692306,0.04538461538461535,0.28692307692307695,0.6792307692307691,0.503076923076923,-0.1723076923076923,0.4576923076923076,-0.24692307692307697,-0.04000000000000001,0.11615384615384614,0.18692307692307691,14
