goals_z,xg_z,crosses_z,boxtouches_z,passes_z,progpasses_z,takeons_z,progruns_z,tackles_z,interceptions_z,clearances_z,blocks_z,aerials_z,fouls_z,fouled_z,nsxg_z,results
0.15769230769230774,0.022307692307692292,0.16999999999999998,0.022307692307692327,0.09692307692307692,0.04692307692307693,-0.33384615384615385,0.27999999999999986,0.04153846153846151,0.373076923076923,-0.1992307692307692,-0.13846153846153852,-0.01923076923076918,0.06230769230769232,0.13000000000000003,0.022307692307692292,20
